mouse;"time [h]";"0A155D1804";"33F05C1804";"3E085D1804";"46ED5C1804";"57035D1804";"5D18040000";"5FCF5C1804";"AA025D1804";"C40B5D1804";"C8045D1804";"CBE65C1804"
0A155D1804;0.00;0;0.09198676556068824;0.10567073528871251;0.06691956909696434;-0.13672183183067338;0.0;0.19805153073364956;0.1694345936388839;0.1498119881183716;0.13526530865774727;-0.03759127760398495
0A155D1804;1.00;0;0.0;0.0;0.0;0.0;0.0;0.0;0.0;0.0;0.0;0.0
0A155D1804;2.00;0;-0.033373709843979166;0.0378989265737274;0.0004609336844875189;0.09608701859157531;0.0;0.047038193487047464;0.0;0.0;0.006053227049386267;0.0
0A155D1804;3.00;0;0.02816106798647397;0.0;0.0;0.023021322553607004;0.0;-0.014459941054193126;0.0;-0.03681744063418346;0.0;0.0
0A155D1804;4.00;0;0.0;0.0;0.0;0.0;0.0;0.0;0.0;0.0;0.0;0.0
0A155D1804;5.00;0;-0.04588967092401158;-0.017160445415674352;-0.017783499580050988;-0.033071805246658315;0.0;0.004145509957554472;0.00766437851581514;-0.009897637170951434;0.0;-0.16007732620033144
0A155D1804;6.00;0;0.0;0.0;0.0;-0.03943972054450273;0.0;0.0;0.0;0.0;0.0;0.0
0A155D1804;7.00;0;0.0;0.0;0.0;0.0;0.0;0.0;0.0;0.0;0.0;0.0
0A155D1804;8.00;0;0.0;0.0;0.0;0.0;0.0;0.0;0.0;0.0;0.0;0.0
0A155D1804;9.00;0;0.0;0.0;0.0;0.0;0.0;0.0;0.0;0.0;0.0;0.0
0A155D1804;10.00;0;0.0;0.0;0.0;0.0;0.0;0.0;0.0;0.0;0.0;0.0
0A155D1804;11.00;0;0.0;0.0;0.0;0.0;0.0;0.0;0.0;0.0;0.0;0.0
0A155D1804;12.00;0;-0.0013531112851941085;0.008372582755442615;-0.0006232730227091476;-0.0009425531292942546;0.0;0.0038539166098336963;-0.0020577696154553404;-0.0020152802399591163;-0.00098156891168244;-0.0004693655185012968
0A155D1804;13.00;0;-0.022921260487401174;-0.013249650014919678;-0.04152822495127928;0.030237230259963332;0.0;0.001370867861031716;-0.03730739334647154;-0.0028005520736143485;-0.02579709764902105;-0.02398813583874293
0A155D1804;14.00;0;0.009465984833815999;0.027410857308557968;0.011666948028767526;0.031602652220034166;0.0;-0.029785144013146914;-0.010888638530187011;0.022591104947872587;-0.0484597544362666;-0.0023370652415442006
0A155D1804;15.00;0;0.042595637965868405;-0.16237527466585305;-0.07452370984212049;0.015485289830881738;0.0;0.06527585344798942;-0.05605622630021023;-0.06522801885023155;0.11828156443051102;0.0
0A155D1804;16.00;0;-0.05819488203081141;0.015768179081020933;0.08085124037187547;0.0037137501225938396;0.0;0.07397021667190751;-0.08566120789797221;0.003065232409943053;0.024220094286159843;0.013787951409158367
0A155D1804;17.00;0;0.061573993019459705;-0.06355259973680233;-0.03045324695388965;0.02648256028298701;0.0;0.058326664858833976;-0.08161919392025713;0.007231531457705859;0.03700537602712295;0.07502422840534084
0A155D1804;18.00;0;0.06915835197553627;-0.0880976497136487;-0.15221118719081822;0.0;0.0;0.0;-0.08787213728096518;-0.0952482408239935;0.0;-0.012954787167926196
0A155D1804;19.00;0;-0.0003841589078933394;-0.014964734745201325;0.0023332623015732967;0.012854039848628762;0.0;-0.01885821124037379;-0.03987090076511533;0.01568778502543222;0.0;0.033419392015689664
0A155D1804;20.00;0;0.0;0.0;0.0;0.0;0.0;0.0;0.0;0.0;0.0;0.0
0A155D1804;21.00;0;0.0;0.0;0.0;0.0;0.0;0.0;0.0;0.0;0.0;0.0
0A155D1804;22.00;0;-0.001558089655578354;0.0;-0.008068958996202372;-0.00036756202972820784;0.0;0.0;0.08516626956123863;0.09612548467227289;0.0;-0.004201945683573849
0A155D1804;23.00;0;-0.011064410142354514;0.03423825870679109;-0.059607309693382404;0.09147213270687005;0.0;0.0031899690894913735;-0.08552735330987343;0.09178167202376852;-0.03327035698002043;-0.031310713097392986
0A155D1804;24.00;0;-0.2225382200123448;0.20622986469168908;0.01310920231497359;-0.1344901491467742;0.0;0.29854652748504384;0.22085000586287928;0.08826946880984438;0.19997269093372405;0.0
0A155D1804;25.00;0;0.0;0.0;0.0;0.0;0.0;0.0;0.0;0.0;0.0;0.0
0A155D1804;26.00;0;0.0;0.0;0.0;0.0;0.0;0.0;0.0;0.0;0.0;0.0
0A155D1804;27.00;0;0.006014145008435334;-0.0002861588463368703;-7.290614451871402e-05;0.0012448186741869094;0.0;0.0;0.0;0.0;0.0;-0.0030890825112231957
0A155D1804;28.00;0;0.0;0.0;0.0;0.0;0.0;0.0;0.0;0.0;0.0;0.0
0A155D1804;29.00;0;0.0;0.0;0.0;0.0;0.0;0.0;0.0;0.0;0.0;0.0
0A155D1804;30.00;0;0.0;0.0;0.0;0.0;0.0;0.0;0.0;0.0;0.0;0.0
0A155D1804;31.00;0;0.0;0.0;0.0;0.0;0.0;0.0;0.0;0.0;0.0;0.0
0A155D1804;32.00;0;0.0;0.0;0.0;0.0;0.0;0.0;0.0;0.0;0.0;0.0
0A155D1804;33.00;0;0.0;0.0;0.0;0.0;0.0;0.0;0.0;0.0;0.0;0.0
0A155D1804;34.00;0;0.0;0.0;0.0;0.0;0.0;-0.00589146129530238;0.0;0.0;0.0;0.0
0A155D1804;35.00;0;0.0;0.0;0.0;0.0;0.0;0.0;0.0;0.0;0.0;0.0
0A155D1804;36.00;0;0.037784813763513725;0.03900771092066657;0.04311544349381602;0.052113244743424936;0.0;-0.0022985427088699772;0.04436032715704641;-0.01635616646245175;0.0;-0.00015531033584315068
0A155D1804;37.00;0;0.049757097820855356;0.009392740205969863;-0.001918968273147248;-0.04748939917687087;0.0;0.005014500955077772;-0.14559427300288388;0.008503328424939227;-0.06138714883515717;0.07139747532960283
0A155D1804;38.00;0;0.1198802939152982;-0.009151823826920619;0.02705331362895025;0.020672611648780925;0.0;0.01700548346893413;0.07841755720211219;0.0013406423452839156;0.12577738052448673;-0.0484147374931419
0A155D1804;39.00;0;0.06962011600059204;0.03659897626965389;-0.04049839556897886;-0.0260606131549867;0.0;-0.013932496934996597;0.0836785016797626;-0.02137612617309312;-0.10869468661094811;-0.2161408195496558
0A155D1804;40.00;0;-0.08687422498452171;-0.07516572314947292;-0.0017284938131382488;-0.03889086912210085;0.0;-0.0015616502373382024;0.007220609249766197;-0.04862769010249507;0.05555942218876625;0.0
0A155D1804;41.00;0;-0.017174246150713002;-0.05293448732238759;-0.003208818458188767;-0.013814340793445817;0.0;-0.01629339170649291;0.012816981767309832;-0.05370188939237039;-0.011497989950881887;-0.05630700053840962
0A155D1804;42.00;0;0.0;0.038971402351002715;-0.13805778794022167;0.0603954062911774;0.0;-0.06172456056972167;-0.04998602396357517;0.052997685608684675;0.002486144053232331;-0.007950167418177001
0A155D1804;43.00;0;0.07154284257094867;0.07070711592326273;0.1268584067294738;0.09066749418353914;0.0;-0.02946225882352299;0.14733444381934657;-0.013017351389156218;0.002308050832122599;0.021544821653264795
0A155D1804;44.00;0;0.0;0.0;0.0;0.0;0.0;0.0;0.0;0.0;0.0;0.0
0A155D1804;45.00;0;0.0;0.0;0.0;0.0;0.0;0.0;0.0;0.0;0.0;0.0
0A155D1804;46.00;0;0.24852182260569405;0.0074213383775580954;0.0;0.0;0.0;0.0;0.0;0.0;-0.01612433483734907;-0.24078600143521137
0A155D1804;47.00;0;-0.02168111261465766;0.028777130635428444;0.1111100026063192;-0.0004180132655320218;0.0;-0.03950374691092007;0.0264670083934897;-0.043496040193074334;0.023348445948759344;0.021406521237123
0A155D1804;48.00;0;0.04745340380113722;0.10995197126785095;0.04947008712444695;0.15868150390659058;0.0;0.1457486166018393;0.0629114561515515;0.08493727427693104;0.11903912039193243;0.04642524524391106
0A155D1804;49.00;0;0.0;0.0;0.0;0.0;0.0;0.0;0.0;0.0;0.0;0.0
0A155D1804;50.00;0;0.0;0.0;0.0;0.0;0.0;0.0;0.0;0.0;0.0;0.0
0A155D1804;51.00;0;0.0;0.0;0.0;0.0;0.0;0.0;0.0;0.0;0.0;0.0
0A155D1804;52.00;0;0.0;0.0;0.0;0.0;0.0;0.0;0.0;0.0;0.0;0.0
0A155D1804;53.00;0;0.0;0.0;0.0;0.0;0.0;0.0;0.0;0.0;0.0;0.0
0A155D1804;54.00;0;0.0;0.0;0.0;-0.006346598064785658;0.0;0.0;0.0;0.0;0.0;-0.03453110747308785
0A155D1804;55.00;0;0.0;0.0;0.0;0.0;0.0;0.0;0.0;0.0;0.0;0.0
0A155D1804;56.00;0;0.0;0.0;0.0;0.0;0.0;0.0;0.0;0.0;0.0;0.0
0A155D1804;57.00;0;0.0;0.0;0.0;0.0;0.0;0.0;0.0;0.0;0.0;0.0
0A155D1804;58.00;0;0.0;0.0;0.0;0.0;0.0;0.0;0.0;0.0;0.0;0.0
0A155D1804;59.00;0;0.0;0.0;0.0;0.0;0.0;0.0;0.0;0.0;0.0;0.0
33F05C1804;0.00;0;0;0.1660922454302441;0.06787302756751745;-0.13504827115061974;0.0;0.12517845555184848;0.11301016852992707;0.12597567756434774;0.0796349874726846;-0.015769319265264814
33F05C1804;1.00;0;0;0.0;0.0;-0.102636295660787;0.0;0.0006106775684873167;0.0;0.0;0.07666671442369524;-0.0009260015186421944
33F05C1804;2.00;0;0;0.03713617243096795;-0.00020185780483975013;0.01795694446148291;0.0;0.014851340851685962;0.0;0.0;0.004638769710767876;0.0
33F05C1804;3.00;0;0;0.0;0.0;0.00799414888810962;0.0;-0.03847462983897709;0.0;0.08803837250086069;0.0;0.0
33F05C1804;4.00;0;0;0.0;0.0;0.0;0.0;0.05284608152576786;0.0;0.03408824387633902;0.0;-0.04213313385845985
33F05C1804;5.00;0;0;-0.012185262230396954;-0.011056151631067768;0.0534393285724426;0.0;0.03159581122544519;0.01832473882348684;0.03710616124199728;0.0;-0.012753743966003595
33F05C1804;6.00;0;0;0.0;0.0;0.0;0.0;0.0;0.0;0.0;0.0;0.0
33F05C1804;7.00;0;0;0.0;0.0;0.0;0.0;-0.0033114027269257607;0.0;0.0;0.0;0.0
33F05C1804;8.00;0;0;0.0;0.0;0.0;0.0;0.0;0.0;0.0;0.0;0.0
33F05C1804;9.00;0;0;0.0;0.0;0.0;0.0;0.0;0.0;0.0;0.0;0.0
33F05C1804;10.00;0;0;-7.107714021015177e-06;0.0;0.0;0.0;0.0;0.0;0.0;0.0;-0.0002725537581568238
33F05C1804;11.00;0;0;0.0;0.0;0.0;0.0;0.0;0.0;0.0;0.0;0.0
33F05C1804;12.00;0;0;0.18111877276151167;0.044182896305179686;-0.02012950814261516;0.0;-0.04678229495922981;0.16364423548468532;0.17279284548855722;0.10812236277392395;0.07411886719005367
33F05C1804;13.00;0;0;0.08894274836507784;-0.03913830705730326;-0.05265115278843524;0.0;-0.04394144481802065;-0.010698294964034655;0.03638441062929565;0.00893795956056359;0.01452621020955941
33F05C1804;14.00;0;0;-0.010094970192242148;-0.009036703398551116;0.012119328044577049;0.0;-0.02699497796955308;0.055677318257204955;0.006425753627006037;-0.007117624518159893;-0.024540251248539313
33F05C1804;15.00;0;0;-0.052970802623460655;-0.07368821489773653;-0.04538897048158591;0.0;-0.04345021250501524;0.017373313338563512;0.02365398444655742;0.026797803055422065;0.0
33F05C1804;16.00;0;0;-0.009625868580328045;-0.07965503459083012;0.004381666667896134;0.0;0.008862395608128293;0.061796713008705595;0.0032576492631467002;0.015418474053730119;0.025482443440061675
33F05C1804;17.00;0;0;-0.0120946491458514;-0.03619784658575856;0.03780640738680563;0.0;-0.017313270903849265;0.02113305287795708;0.0011137413266978924;-0.054887297047927996;0.013706177845761058
33F05C1804;18.00;0;0;0.04644298387307083;-0.0280421747697559;0.0;0.0;0.0;-0.03527170223432219;-0.06063462568759137;0.0;-0.09643259437098572
33F05C1804;19.00;0;0;0.010155587035634406;-0.000595527918659626;-0.006507987223304812;0.0;-0.003437090192532355;-0.00030754926518281045;0.008445262173968626;0.0;0.0038142697486884813
33F05C1804;20.00;0;0;0.0;0.0;0.0;0.0;0.0;0.0;0.0;0.0;0.0
33F05C1804;21.00;0;0;0.0;0.0;0.0;0.0;0.0;0.0;0.0;0.0;0.0
33F05C1804;22.00;0;0;0.0;0.003378055446782366;-4.9656373901196815e-05;0.0;0.0;0.009192347924124378;0.013390690495427071;0.0;-0.0011700333643669125
33F05C1804;23.00;0;0;-0.15658730978678562;-0.09893816333278413;0.043870353968727904;0.0;-0.0819792626766325;-0.030730173035932562;-0.07270966549339022;-0.03352874034439579;0.14515503055095264
33F05C1804;24.00;0;0;-0.14649056933381352;-0.019421676986279224;-0.013465928628890067;0.0;-0.2348204766433616;-0.17963949880809227;-0.09409836206943914;-0.12763712571546365;0.0
33F05C1804;25.00;0;0;0.0;0.0;-0.026973261655268213;0.0;0.0;0.0;-0.00355423453127926;0.002827818255349862;-0.008310534717541979
33F05C1804;26.00;0;0;0.0;0.0;0.0;0.0;0.0;0.0;0.0;0.0;-0.009029013915756001
33F05C1804;27.00;0;0;-0.006980674339541082;-0.0014480120417701414;-0.13411338953394306;0.0;0.0;0.0;0.0;0.0;0.07467488067841743
33F05C1804;28.00;0;0;0.0;0.0;0.0;0.0;0.0;0.0;0.0;0.0;0.0
33F05C1804;29.00;0;0;0.0;0.0;0.0;0.0;0.0;0.0;0.0;0.0;0.0
33F05C1804;30.00;0;0;0.0;0.0;0.0;0.0;0.0;0.0;0.0;0.0;0.0
33F05C1804;31.00;0;0;0.0;0.0;0.0;0.0;0.0;0.0;0.0;0.0;0.0
33F05C1804;32.00;0;0;-0.0018772553588177754;-0.00874858231859138;-0.008032924960789;0.0;0.0;0.0;0.030250538275984007;-0.0017985248958447553;-0.0013286747864443837
33F05C1804;33.00;0;0;0.0;0.0;0.0;0.0;0.0;0.0;0.0;0.0;0.0
33F05C1804;34.00;0;0;0.0;0.0;0.0;0.0;0.0;0.0;0.0;0.0;0.0
33F05C1804;35.00;0;0;0.15319481560864823;0.0;0.13559412702489215;0.0;0.0;0.0;0.0;0.0;0.198640329896556
33F05C1804;36.00;0;0;0.01898651627051584;0.07165270326851558;0.06993722641239519;0.0;0.02866174367589347;0.11383188767446895;-0.05229312717042578;0.0;-0.00038298984213458453
33F05C1804;37.00;0;0;-0.03672960466582362;-0.039092048602416496;0.05301975790936775;0.0;-0.060767571369625545;0.002991471035415416;0.006762772432351183;-0.01829493513763944;0.009735708866982912
33F05C1804;38.00;0;0;-0.03882263380188483;0.07176140241225204;0.030774124894560773;0.0;-0.004913154151389321;0.00015863999327614398;0.02576573509576202;0.05662845476323264;-0.05639863719509269
33F05C1804;39.00;0;0;0.02077422475796306;-0.05693334909539041;0.04984294394629729;0.0;0.0638961720731463;0.009375459815353926;-0.0004306130163688193;-0.06853739598117622;-0.15268925101675235
33F05C1804;40.00;0;0;0.10609216160951102;-0.010306524441879017;0.01976502285327625;0.0;0.00398888642752665;-0.07967456721042318;-0.04152845017449308;-0.05526924922351567;0.0
33F05C1804;41.00;0;0;0.05901362421078904;-0.0029481110625355633;-0.0836307304465918;0.0;0.09043613507443649;0.006273295073535579;0.07376674790932997;0.16334423534046805;-0.13965637053457308
33F05C1804;42.00;0;0;0.0;0.0;0.0;0.0;0.0;0.0;0.0;0.0;0.0
33F05C1804;43.00;0;0;0.060362084732921345;0.07675388434608199;0.05158248026555251;0.0;0.05443121411584456;0.09020972060856827;0.018806288675716765;0.0003781816656606707;0.0699406877298808
33F05C1804;44.00;0;0;-0.02251201160588584;0.08960139485159291;-0.019233173926673175;0.0;-0.015361485566019684;0.056288092880259155;0.10631505876861924;0.0;0.0457017028838651
33F05C1804;45.00;0;0;0.0;0.0;0.0;0.0;0.0;0.0;0.0;0.0;0.0
33F05C1804;46.00;0;0;0.005601765833764205;0.0;0.0;0.0;0.0;0.0;0.0;-0.03582347729235183;-0.17981127052117127
33F05C1804;47.00;0;0;0.018525970499025463;-0.008180357670956456;0.014214640374755644;0.0;-0.018915512427872788;-0.038624781949156195;-0.04741566966698396;0.00011865196394064692;-0.0035108446202363197
33F05C1804;48.00;0;0;0.06374335114157553;0.05358804252989097;-0.02142989544898294;0.0;0.07172144555072546;0.037140515545028535;0.019886384786362954;0.04040689127584257;0.08076686252475035
33F05C1804;49.00;0;0;0.0;-0.12684578455511147;0.0;0.0;0.0;0.0;-0.226366466325646;0.0;-0.020720903211668584
33F05C1804;50.00;0;0;0.0;0.0;0.0;0.0;0.0;0.0;0.0;0.0;0.0
33F05C1804;51.00;0;0;-0.06352620517374102;-0.00498973883966447;-0.1383225023950716;0.0;0.0;0.0;-0.07274248955984203;0.0;0.0
33F05C1804;52.00;0;0;0.0;0.0;0.0;0.0;-0.010062047176234934;0.0;0.0;0.0;0.0
33F05C1804;53.00;0;0;0.0;0.0;0.0;0.0;0.0;0.0;0.0;0.0;0.0
33F05C1804;54.00;0;0;0.0;0.0;0.0;0.0;0.0;0.0;0.0;0.0;0.0
33F05C1804;55.00;0;0;0.10535618873467867;-0.025329235250761917;0.0;0.0;0.0;0.0;-0.012840089124577792;-0.03260652110753093;0.0
33F05C1804;56.00;0;0;0.0;0.0;0.0;0.0;0.0;0.0;0.0;0.0;0.0
33F05C1804;57.00;0;0;0.0;0.0;0.0;0.0;0.0;0.0;0.0;0.0;0.0
33F05C1804;58.00;0;0;0.0;0.0;0.0;0.0;0.0;0.0;0.0;0.0;0.0
33F05C1804;59.00;0;0;0.12745317062897865;0.0;0.0;0.0;0.0;0.0;-0.08495056445197391;0.0;0.0
3E085D1804;0.00;0;0;0;0.1342301423607113;-0.04929440782779149;0.0;0.14365367691951886;0.10705497471720882;0.0717105225460955;0.0909485204358495;-0.021347739086947037
3E085D1804;1.00;0;0;0;0.0;0.0;0.0;0.0;0.0;0.0;0.0;0.0
3E085D1804;2.00;0;0;0;0.002500595291432317;-0.031119717693613547;0.0;0.049796555155104616;0.0;0.0;-0.0012475639646801762;0.0
3E085D1804;3.00;0;0;0;0.0;0.0;0.0;0.0;0.0;0.0;0.0;0.0
3E085D1804;4.00;0;0;0;0.0;0.0;0.0;0.0;0.0;0.0;0.0;0.0
3E085D1804;5.00;0;0;0;0.030131019842771;-0.00827362646255192;0.0;-0.0015435786180290068;-0.0010085724238539928;0.0066586447579277674;0.0;-0.026234295085644566
3E085D1804;6.00;0;0;0;0.0;0.0;0.0;0.0;0.0;0.0;0.0;0.0
3E085D1804;7.00;0;0;0;0.0;0.0;0.0;0.0;0.0;0.0;0.0;0.0
3E085D1804;8.00;0;0;0;-3.369135875663787e-05;0.0;0.0;0.0;0.0;-1.723499457007005e-05;-0.0002527142347926725;0.0
3E085D1804;9.00;0;0;0;0.0;0.0;0.0;0.0;0.0;0.0;0.0;0.0
3E085D1804;10.00;0;0;0;0.0;0.0;0.0;0.0;0.0;0.0;0.0;-7.647832133139687e-05
3E085D1804;11.00;0;0;0;0.0;0.0;0.0;0.0;0.0;0.0;0.0;0.0
3E085D1804;12.00;0;0;0;0.06039377597878892;0.006120627795320965;0.0;0.018180227652484948;0.23326160544132934;0.23288486973730904;0.1106203458519267;0.0602485067543147
3E085D1804;13.00;0;0;0;-0.06349418947877805;0.007694023219550483;0.0;-0.010458244166092256;0.011240974073380094;-0.011546937118788542;-0.024371321522973916;-0.08212702576705573
3E085D1804;14.00;0;0;0;0.001025023127735919;0.11175845912886878;0.0;-0.06645407199005327;0.06691999832707918;0.06295015781803265;-0.13257037344159384;0.0834578462435343
3E085D1804;15.00;0;0;0;0.03421862253424679;-0.0191797177586584;0.0;-0.17521413583740975;0.12502639958408468;0.09799198364738582;-0.17394139143092086;0.0
3E085D1804;16.00;0;0;0;-0.0044303000534793024;-0.045781633277856726;0.0;-0.027447996132849484;-0.05435056459972698;-0.009502483805298167;-0.026325437790574946;-0.014358069689619057
3E085D1804;17.00;0;0;0;0.00564259070847839;0.027700432495200822;0.0;0.04090805345185433;0.07565989517907226;-0.040675565687945614;-0.02141120090616594;-0.025267860647680274
3E085D1804;18.00;0;0;0;0.10243815948458163;0.0;0.0;0.0;0.023388155795328103;-0.13263290882814127;0.0;-0.03514099935439452
3E085D1804;19.00;0;0;0;0.03628705726841429;0.00872381347267398;0.0;0.009170178881577007;-0.022587839745411065;0.04509058513985148;0.0;-0.05685375089691358
3E085D1804;20.00;0;0;0;-0.12840164846708418;0.1971013282011111;0.0;-0.01556290942662078;0.0;0.011600954679048536;-0.08170272339573564;-0.16711348567594875
3E085D1804;21.00;0;0;0;0.0;0.0;0.0;0.0;0.0;0.0;0.0;0.0
3E085D1804;22.00;0;0;0;0.0;0.0;0.0;0.0;0.0;0.0;0.0;0.0
3E085D1804;23.00;0;0;0;0.023996575592638625;0.10371963770508563;0.0;0.17816646963600613;0.0520296005141507;0.06703948632457565;0.2655862193859934;-0.2383291818295927
3E085D1804;24.00;0;0;0;0.013929138840223898;-0.08034814830914527;0.0;0.1671103780895658;0.24143922574223176;0.15757325445399806;0.1747114989880072;0.0
3E085D1804;25.00;0;0;0;0.0;0.0;0.0;0.0;0.0;0.0;0.0;0.0
3E085D1804;26.00;0;0;0;0.0;0.0;0.0;0.0;0.0;0.0;0.0;0.0
3E085D1804;27.00;0;0;0;-0.00014160688067510474;-0.0011873425771187218;0.0;0.0;0.0;0.0;0.0;-0.007343905635935122
3E085D1804;28.00;0;0;0;0.0;-0.0027471314874925046;0.0;0.0840675313377377;0.0;0.0;0.0;0.0
3E085D1804;29.00;0;0;0;0.0;0.0;0.0;-0.05571283236082605;0.0;0.0;0.0;0.0
3E085D1804;30.00;0;0;0;0.0;0.0;0.0;0.0;0.0;0.0;0.0;0.0
3E085D1804;31.00;0;0;0;0.0;0.0;0.0;0.0;0.0;0.0;0.0;0.0
3E085D1804;32.00;0;0;0;-0.003922292221066215;-0.00030200246865275115;0.0;0.0;0.0;-0.0011593250273885802;-0.001800888696771752;-3.976079256906573e-05
3E085D1804;33.00;0;0;0;0.0;0.0;0.0;0.0;0.0;0.0;0.0;0.0
3E085D1804;34.00;0;0;0;0.0;0.0;0.0;0.0;0.0;0.0;0.0;0.0
3E085D1804;35.00;0;0;0;0.0;0.116302582438783;0.0;0.0;0.0;0.0;0.0;0.12031955138090267
3E085D1804;36.00;0;0;0;0.06923660388365682;0.03647709063751958;0.0;-0.017653074886066156;0.0023704727469027187;-0.03942645816181245;0.0;-0.0008722985676593575
3E085D1804;37.00;0;0;0;0.11388897928635011;-0.036596724180823104;0.0;-0.03891006495681504;-0.043157811856664785;-0.014708793459583203;-0.032493276764555046;-0.008581255532650489
3E085D1804;38.00;0;0;0;0.015118555514845394;-0.061346061006325836;0.0;-0.07296811671882308;0.017667191194787504;-0.06532287965831579;-0.08428111065045445;-0.010802046639479035
3E085D1804;39.00;0;0;0;0.030901063484812863;-0.049712589391163964;0.0;0.001159853685419654;0.009175571925796572;-0.08542651609124041;-0.053864708606255224;-0.15004450621091023
3E085D1804;40.00;0;0;0;-0.08188974598486011;0.06843016016583203;0.0;-0.00814658537675117;-0.007195388793104801;0.05261071662721911;-0.05145704935050832;0.0
3E085D1804;41.00;0;0;0;0.09149496395368772;-0.02215298976642638;0.0;-0.023853365783202712;0.00019504299888270515;0.07287973288252803;0.14107583690920944;-0.045659277025283496
3E085D1804;42.00;0;0;0;0.038615919887903805;0.02446753639813065;0.0;-0.03982360073798655;-0.012948027199063794;-0.06058548557691126;0.1358146328298392;0.01670677837635312
3E085D1804;43.00;0;0;0;0.027133584583470594;0.008321643441857401;0.0;-0.00025486610333985693;0.12653923599837757;0.0669976762052138;0.001557524201666105;0.05432067766939766
3E085D1804;44.00;0;0;0;-0.025496012598040074;0.06869376053170129;0.0;-0.010372155145741413;0.013601220446932905;0.06557960086681003;0.0;-0.033886368829917746
3E085D1804;45.00;0;0;0;0.0;0.0;0.0;0.0;0.0;0.0;0.0;0.0
3E085D1804;46.00;0;0;0;0.0;0.0;0.0;0.0;0.0;0.0;0.0019896906190919605;-0.004488045631380833
3E085D1804;47.00;0;0;0;0.08766098959923674;0.08152367400109761;0.0;0.12974226348939732;0.16061012803998842;0.1769336470220435;0.009516509985292576;0.037519422532116375
3E085D1804;48.00;0;0;0;0.08338936744737707;0.06826018839239156;0.0;0.2824488098856979;0.16593637195490551;0.06669070104092142;0.06878503554874066;0.09503757958445111
3E085D1804;49.00;0;0;0;0.0;0.0;0.0;0.0;0.0;0.0;0.0;0.0
3E085D1804;50.00;0;0;0;0.0;0.0;0.0;0.0;0.0;0.0;0.0;0.0
3E085D1804;51.00;0;0;0;0.008812458088147235;0.06511201338198302;0.0;0.0;0.0;0.014533026974254959;0.0;0.0
3E085D1804;52.00;0;0;0;0.0;0.0;0.0;0.0;0.0;0.0;0.0;0.0
3E085D1804;53.00;0;0;0;0.0;0.0;0.0;0.0;0.0;0.0;0.0;0.0
3E085D1804;54.00;0;0;0;0.0;0.0;0.0;0.0;0.0;0.0;0.0;0.0
3E085D1804;55.00;0;0;0;0.028401361541797288;0.0;0.0;0.0;0.0;-0.02626698973344399;-0.06598269211231766;0.0
3E085D1804;56.00;0;0;0;0.0;0.0;0.0;0.0;0.0;0.005499749127071962;0.0;0.0
3E085D1804;57.00;0;0;0;0.0;0.0;0.0;0.0;0.0;0.0;0.0;0.0
3E085D1804;58.00;0;0;0;0.0;0.0;0.0;0.0;0.0;0.0;0.0;0.0
3E085D1804;59.00;0;0;0;0.0;0.0;0.0;0.0;0.0;-0.13214855911207718;0.0;0.0
46ED5C1804;0.00;0;0;0;0;-0.028001077968100807;0.0;0.07395384894374063;0.08925843566545733;0.08629695108107088;0.08220582870932436;0.05706833313953613
46ED5C1804;1.00;0;0;0;0;0.0;0.0;0.0;0.0;0.0;0.0;0.0
46ED5C1804;2.00;0;0;0;0;-0.002543550869773592;0.0;-0.000376132634940074;0.0;0.0;-0.00012972347039708065;0.0
46ED5C1804;3.00;0;0;0;0;0.0;0.0;0.0;0.0;0.0;0.0;0.0
46ED5C1804;4.00;0;0;0;0;0.0;0.0;0.0;0.0;0.0;0.0;0.0
46ED5C1804;5.00;0;0;0;0;0.004475482328629488;0.0;-0.005322419770395714;-0.0047033730656391715;-0.005143904792078491;0.0;-0.060294255979466305
46ED5C1804;6.00;0;0;0;0;0.0;0.0;0.0;0.0;0.0;0.0;0.0
46ED5C1804;7.00;0;0;0;0;0.0;0.0;0.0;0.0;0.0;0.0;0.0
46ED5C1804;8.00;0;0;0;0;0.0;0.0;0.0;0.0;-8.151479202900269e-05;-0.0010875388515548812;0.0
46ED5C1804;9.00;0;0;0;0;0.0;0.0;0.0;0.0;0.0;0.052165209111485256;0.0
46ED5C1804;10.00;0;0;0;0;0.0;0.0;0.0;0.0;0.0;0.0;0.0
46ED5C1804;11.00;0;0;0;0;0.0;0.0;0.0;0.0;0.0;0.0;0.0
46ED5C1804;12.00;0;0;0;0;-0.0012628787094426386;0.0;-0.00815483546009399;0.05793617683121011;0.07471163558592409;0.07361953847457336;-0.004720955920466285
46ED5C1804;13.00;0;0;0;0;-0.04965502530017282;0.0;-0.07463936476598124;-0.04349480600859115;-0.043669504206867105;0.04667092163249112;-0.007767553877496697
46ED5C1804;14.00;0;0;0;0;-0.02912428781678561;0.0;0.0384180475034977;-0.012298056135151753;-0.08488591475998994;-0.1296038393668069;-0.015576396514093621
46ED5C1804;15.00;0;0;0;0;-0.09651424383998075;0.0;-0.02490896673650883;-0.034688980037274414;-0.035892331511252706;-0.06668632624175344;0.0
46ED5C1804;16.00;0;0;0;0;-0.1258242581515188;0.0;-0.10715178241661216;-0.05316545183780816;0.01702627496955214;0.03248644657626004;0.030171200470144793
46ED5C1804;17.00;0;0;0;0;-0.03191485628226835;0.0;-0.07491577151036205;0.03812416798004209;-0.06236394066438533;0.023669844002829427;0.019953291201835532
46ED5C1804;18.00;0;0;0;0;0.0;0.0;0.0;0.036853309356202735;-0.0626562620223215;0.0;-0.08650124032299697
46ED5C1804;19.00;0;0;0;0;-0.03848309808149378;0.0;-0.10500221172119989;-0.035918634178980675;0.022988487561572568;0.0;-0.016919722660537165
46ED5C1804;20.00;0;0;0;0;-0.09821237417401321;0.0;-0.12751729695037267;0.0;0.003348659831669376;0.010786686674580076;0.03225377506743193
46ED5C1804;21.00;0;0;0;0;0.0034438071440775903;0.0;0.0;0.01113229163352121;0.0;-0.17116248433335762;0.1359023540889886
46ED5C1804;22.00;0;0;0;0;-0.0005719968686127286;0.0;0.0;0.002990723598240458;-0.043645730825032036;0.0;-0.1606499218806862
46ED5C1804;23.00;0;0;0;0;-0.0756144902897509;0.0;0.03991260234797822;0.18411805486424915;-0.017768852380868394;0.07988157119856149;-0.056670674013038214
46ED5C1804;24.00;0;0;0;0;0.003860403075536145;0.0;0.021311928128023738;0.016383125292500855;0.010164779496035281;0.0012434154361203875;0.0
46ED5C1804;25.00;0;0;0;0;0.0;0.0;0.0;0.0;0.0;0.0;0.0
46ED5C1804;26.00;0;0;0;0;0.0;0.0;0.0;0.0;0.0;0.0;0.0
46ED5C1804;27.00;0;0;0;0;0.004678774783215711;0.0;0.0;0.0;0.0;0.0;-0.0015286494544826112
46ED5C1804;28.00;0;0;0;0;0.0;0.0;0.0;0.0;0.0;0.0;0.0
46ED5C1804;29.00;0;0;0;0;0.0;0.0;0.0;0.0;0.0;0.0;0.0
46ED5C1804;30.00;0;0;0;0;0.0;0.0;0.0;0.0;0.0;0.0;0.0
46ED5C1804;31.00;0;0;0;0;0.0;0.0;0.0;0.0;0.0;0.0;0.0
46ED5C1804;32.00;0;0;0;0;-0.017922714123043915;0.0;0.0;0.0;0.026372011937378537;0.081158442420594;-0.0033081153804788155
46ED5C1804;33.00;0;0;0;0;0.0;0.0;0.0;0.0;0.0;0.0;0.0
46ED5C1804;34.00;0;0;0;0;0.0;0.0;0.0;0.0;0.0;0.0;0.0
46ED5C1804;35.00;0;0;0;0;0.0;0.0;0.0;0.0;0.0;0.0;0.0
46ED5C1804;36.00;0;0;0;0;0.07453721247297385;0.0;-0.015862420329401994;0.12380126033246408;-0.10439700340170105;0.0;-0.0006155680148843823
46ED5C1804;37.00;0;0;0;0;-0.01072896705483023;0.0;-0.052157343535213285;-0.03372158922833274;-0.1167342334890048;-0.022514758065993817;0.02094464309581312
46ED5C1804;38.00;0;0;0;0;-0.019418933483687062;0.0;0.07474117327292656;0.013377258221986488;-0.06044049302762797;0.11103171899128722;0.04988984954102793
46ED5C1804;39.00;0;0;0;0;-0.06462705565525989;0.0;0.08611641691818506;-0.007538892722959739;-0.13200520390978385;0.042059384432013514;0.04339710858904003
46ED5C1804;40.00;0;0;0;0;0.048578023793979214;0.0;-0.008443236580835067;0.14608336339089623;-0.02754548948557778;-0.017988851947974782;0.0
46ED5C1804;41.00;0;0;0;0;0.0023803131727461735;0.0;-0.006644158830838853;-0.0019204074579826785;0.05616038122850009;0.06280635792332467;0.004149024284412356
46ED5C1804;42.00;0;0;0;0;-0.03569460213239983;0.0;-0.09153094586029514;0.03941629385740214;-0.0883698310780674;-0.05601551985752906;0.03949710851620991
46ED5C1804;43.00;0;0;0;0;0.012221868186653106;0.0;0.02459262670823764;0.017309814758155517;-0.09088092290840068;-0.004210614003305135;0.021692927513086158
46ED5C1804;44.00;0;0;0;0;-0.026420999350110108;0.0;0.005536279504812502;0.026578712847623254;0.059343117350344254;0.0;0.053704663856961515
46ED5C1804;45.00;0;0;0;0;0.0;0.0;0.0;0.0;0.0;0.0;0.0
46ED5C1804;46.00;0;0;0;0;0.0;0.0;0.0;0.0;0.0;0.0;0.0
46ED5C1804;47.00;0;0;0;0;0.07322012641930392;0.0;0.14012976284918888;0.10107763814490389;0.0828073148027133;-0.09549701792589449;0.04235932387365898
46ED5C1804;48.00;0;0;0;0;-0.022007678289145627;0.0;0.1641325644607003;0.047991803089982465;-0.05389923821472287;0.07368914331966575;0.17275746248563806
46ED5C1804;49.00;0;0;0;0;0.0;0.0;0.0;0.0;0.057663491633929254;0.0;-0.011036681775245027
46ED5C1804;50.00;0;0;0;0;0.0;0.0;0.0;0.0;0.0;0.0;0.0
46ED5C1804;51.00;0;0;0;0;0.009979303445038168;0.0;0.0;0.0;-0.0016795829935053463;0.0;0.0
46ED5C1804;52.00;0;0;0;0;0.0;0.0;0.0;0.0;0.0;0.0;0.0
46ED5C1804;53.00;0;0;0;0;0.0;0.0;0.0;0.0;0.0;0.0;0.0
46ED5C1804;54.00;0;0;0;0;0.0;0.0;0.0;0.0;0.0;0.0;0.0
46ED5C1804;55.00;0;0;0;0;0.0;0.0;0.0;0.0;0.03199569983044681;-0.07200120481351424;0.0
46ED5C1804;56.00;0;0;0;0;0.0;0.0;0.0;0.0;0.0;0.0;0.0
46ED5C1804;57.00;0;0;0;0;0.0;0.0;0.0;0.0;0.0;0.0;0.0
46ED5C1804;58.00;0;0;0;0;0.0;0.0;0.0;0.0;0.0;0.0;0.0
46ED5C1804;59.00;0;0;0;0;0.0;0.0;0.0;0.0;0.0;0.0;0.0
57035D1804;0.00;0;0;0;0;0;0.0;-0.1366673188704766;-0.1211209636862286;-0.1608917220967053;-0.11025100041695343;0.021719176076356816
57035D1804;1.00;0;0;0;0;0;0.0;-0.0006228749913293474;0.0;0.0;-0.0528457955737518;0.01704899990615183
57035D1804;2.00;0;0;0;0;0;0.0;-0.044765506171127234;0.0;0.0;0.00656212397847783;0.0
57035D1804;3.00;0;0;0;0;0;0.0;-0.004466463600822923;0.0;-0.01263158085374061;0.0;0.0
57035D1804;4.00;0;0;0;0;0;0.0;0.0;0.0;0.0;0.0;0.0
57035D1804;5.00;0;0;0;0;0;0.0;0.01931499145747384;0.020213682649881215;0.04577899242357997;0.0;0.015133887294696224
57035D1804;6.00;0;0;0;0;0;0.0;0.0;0.0;0.0;0.0;0.0
57035D1804;7.00;0;0;0;0;0;0.0;0.0;0.0;0.0;0.0;0.0
57035D1804;8.00;0;0;0;0;0;0.0;0.0;0.0;0.0;0.0;0.0
57035D1804;9.00;0;0;0;0;0;0.0;0.0;0.0;0.0;0.0;0.0
57035D1804;10.00;0;0;0;0;0;0.0;0.0;0.0;0.0;0.0;0.0
57035D1804;11.00;0;0;0;0;0;0.0;0.0;0.0;0.03463559066320365;0.0;0.0
57035D1804;12.00;0;0;0;0;0;0.0;0.0765487148763051;-0.025422158983909093;-0.02974208122406463;-0.014582282465885887;-0.007004271055045197
57035D1804;13.00;0;0;0;0;0;0.0;-0.008042575209408126;-0.04280896787061897;-0.04530215210844768;0.005855453348445061;-0.017392297640601656
57035D1804;14.00;0;0;0;0;0;0.0;-0.09109290645863047;0.08673388336176496;0.05881067381418592;-0.08791230343718331;0.15806858762352372
57035D1804;15.00;0;0;0;0;0;0.0;0.041303949239858306;-0.1074723806223909;-0.15222315808357262;0.037140077945454375;0.0
57035D1804;16.00;0;0;0;0;0;0.0;0.009379868349712772;0.033357245844883754;-0.0571557293990512;0.012277570530827786;-0.05365312742074388
57035D1804;17.00;0;0;0;0;0;0.0;0.04622261856887988;-0.04723222022611806;0.0010794146586723535;0.06107942936433408;-0.0034211466590382544
57035D1804;18.00;0;0;0;0;0;0.0;0.0;0.0;0.0;0.0;0.0
57035D1804;19.00;0;0;0;0;0;0.0;-0.11985637821162409;-0.003097987955090656;-0.028736312153258642;0.0;0.1372588129103659
57035D1804;20.00;0;0;0;0;0;0.0;-0.12174179432084531;0.0;0.003806479756998715;0.05006556028717174;-0.13516108015293948
57035D1804;21.00;0;0;0;0;0;0.0;0.0;0.029521917052462987;0.0;0.017356067422461596;-0.00041884162889593846
57035D1804;22.00;0;0;0;0;0;0.0;0.0;-0.0009659598410323156;-0.0008783167222212729;0.0;2.429439457737881e-05
57035D1804;23.00;0;0;0;0;0;0.0;0.12848898231973327;-0.08091578378506609;0.07282122182765147;0.06749847631596018;-0.07678683986783419
57035D1804;24.00;0;0;0;0;0;0.0;-0.10732088722179411;-0.1381636067366845;-0.03516499150819663;-0.08231021766782909;0.0
57035D1804;25.00;0;0;0;0;0;0.0;0.0;0.0;0.024103618550479933;-0.009657500100243355;-0.001545416300718916
57035D1804;26.00;0;0;0;0;0;0.0;0.0;0.0;0.0;0.0;0.0
57035D1804;27.00;0;0;0;0;0;0.0;0.0;0.0;0.0;0.0;-0.18560962827232588
57035D1804;28.00;0;0;0;0;0;0.0;-0.003968148599102439;0.0;0.0;0.0;0.0
57035D1804;29.00;0;0;0;0;0;0.0;0.0;0.0;0.0;0.0;0.0
57035D1804;30.00;0;0;0;0;0;0.0;0.0;0.0;0.0;0.0;0.0
57035D1804;31.00;0;0;0;0;0;0.0;0.0;0.0;0.022216414354268355;0.0;0.0
57035D1804;32.00;0;0;0;0;0;0.0;0.0;0.0;-0.0006240560649641846;-0.008836368449629983;-0.00018353714366037277
57035D1804;33.00;0;0;0;0;0;0.0;0.0;0.0;0.0;0.0;0.0
57035D1804;34.00;0;0;0;0;0;0.0;0.0;0.0;0.0;0.0;0.0
57035D1804;35.00;0;0;0;0;0;0.0;0.0;0.0;0.0;0.0;0.1217584411582523
57035D1804;36.00;0;0;0;0;0;0.0;0.059662658218984865;0.03809778261910879;-0.060480334006186576;0.0;-0.0005100244903670781
57035D1804;37.00;0;0;0;0;0;0.0;0.013941349197576614;0.009151126000273874;0.05527438771275672;0.0024567538842576453;-0.04348136222040422
57035D1804;38.00;0;0;0;0;0;0.0;-0.011186053289216902;0.04574271701210503;0.02037096013920406;0.061567897332483246;-0.12875550446056833
57035D1804;39.00;0;0;0;0;0;0.0;-0.02816864945963471;-0.015761487144220265;0.0789883633011037;-0.012553575894410876;-0.05732283063770818
57035D1804;40.00;0;0;0;0;0;0.0;0.01968562841102406;0.10692269110619534;0.009878961495521227;-0.09097157627556957;0.0
57035D1804;41.00;0;0;0;0;0;0.0;0.007678271078975812;-0.002049200375112137;0.0040441260042386185;-0.10328177835171548;0.10730111678652299
57035D1804;42.00;0;0;0;0;0;0.0;-0.11138453426214001;0.0028586026983452584;0.020667478295568753;0.013154701897413135;-0.06375173552189281
57035D1804;43.00;0;0;0;0;0;0.0;0.001015347182559495;0.06209610951319461;-0.12733260224226722;-0.005831417002361228;-0.055256796778138495
57035D1804;44.00;0;0;0;0;0;0.0;0.04167206518123401;0.04363221352008784;0.013807671440058844;0.0;-0.10305090225956776
57035D1804;45.00;0;0;0;0;0;0.0;0.0012646009292215377;0.0;0.0;0.009646653207765254;-0.19958224740390162
57035D1804;46.00;0;0;0;0;0;0.0;0.0;0.0;0.0;0.0;0.0
57035D1804;47.00;0;0;0;0;0;0.0;0.02792562909848134;0.08783908095164417;0.10109262381543782;0.025500350140703343;0.05712338457166244
57035D1804;48.00;0;0;0;0;0;0.0;0.13906782400791662;0.08192958659232857;0.12662766355912092;0.10521831035927459;-0.1029113841512353
57035D1804;49.00;0;0;0;0;0;0.0;0.0;0.0;0.0;0.0;0.0
57035D1804;50.00;0;0;0;0;0;0.0;0.0;0.0;0.0;0.0;0.0
57035D1804;51.00;0;0;0;0;0;0.0;0.0;0.0;0.02901977860461502;0.0;0.0
57035D1804;52.00;0;0;0;0;0;0.0;0.0;0.0;0.0;0.0;0.0
57035D1804;53.00;0;0;0;0;0;0.0;0.0;0.0;0.0;0.0;0.0
57035D1804;54.00;0;0;0;0;0;0.0;0.0;0.0;0.0;0.0;-0.004543608612403105
57035D1804;55.00;0;0;0;0;0;0.0;0.0;0.0;0.0;0.0;0.0
57035D1804;56.00;0;0;0;0;0;0.0;0.0;0.0;0.0;0.0;0.0
57035D1804;57.00;0;0;0;0;0;0.0;0.0;0.0;0.0;0.0;0.0
57035D1804;58.00;0;0;0;0;0;0.0;0.1001655808692129;0.0;0.0;0.0;0.09375377948206587
57035D1804;59.00;0;0;0;0;0;0.0;0.0;0.0;0.0;0.0;0.0
5D18040000;0.00;0;0;0;0;0;0;0.0;0.0;0.0;0.0;0.0
5D18040000;1.00;0;0;0;0;0;0;0.0;0.0;0.0;0.0;0.0
5D18040000;2.00;0;0;0;0;0;0;0.0;0.0;0.0;0.0;0.0
5D18040000;3.00;0;0;0;0;0;0;0.0;0.0;0.0;0.0;0.0
5D18040000;4.00;0;0;0;0;0;0;0.0;0.0;0.0;0.0;0.0
5D18040000;5.00;0;0;0;0;0;0;0.0;0.0;0.0;0.0;0.0
5D18040000;6.00;0;0;0;0;0;0;0.0;0.0;0.0;0.0;0.0
5D18040000;7.00;0;0;0;0;0;0;0.0;0.0;0.0;0.0;0.0
5D18040000;8.00;0;0;0;0;0;0;0.0;0.0;0.0;0.0;0.0
5D18040000;9.00;0;0;0;0;0;0;0.0;0.0;0.0;0.0;0.0
5D18040000;10.00;0;0;0;0;0;0;0.0;0.0;0.0;0.0;0.0
5D18040000;11.00;0;0;0;0;0;0;0.0;0.0;0.0;0.0;0.0
5D18040000;12.00;0;0;0;0;0;0;0.0;0.0;0.0;0.0;0.0
5D18040000;13.00;0;0;0;0;0;0;0.0;0.0;0.0;0.0;0.0
5D18040000;14.00;0;0;0;0;0;0;0.0;0.0;0.0;0.0;0.0
5D18040000;15.00;0;0;0;0;0;0;0.0;0.0;0.0;0.0;0.0
5D18040000;16.00;0;0;0;0;0;0;0.0;0.0;0.0;0.0;0.0
5D18040000;17.00;0;0;0;0;0;0;0.0;0.0;0.0;0.0;0.0
5D18040000;18.00;0;0;0;0;0;0;0.0;0.0;0.0;0.0;0.0
5D18040000;19.00;0;0;0;0;0;0;0.0;0.0;0.0;0.0;0.0
5D18040000;20.00;0;0;0;0;0;0;0.0;0.0;0.0;0.0;0.0
5D18040000;21.00;0;0;0;0;0;0;0.0;0.0;0.0;0.0;0.0
5D18040000;22.00;0;0;0;0;0;0;0.0;0.0;0.0;0.0;0.0
5D18040000;23.00;0;0;0;0;0;0;0.0;0.0;0.0;0.0;0.0
5D18040000;24.00;0;0;0;0;0;0;0.0;0.0;0.0;0.0;0.0
5D18040000;25.00;0;0;0;0;0;0;0.0;0.0;0.0;0.0;0.0
5D18040000;26.00;0;0;0;0;0;0;0.0;0.0;0.0;0.0;0.0
5D18040000;27.00;0;0;0;0;0;0;0.0;0.0;0.0;0.0;0.0
5D18040000;28.00;0;0;0;0;0;0;0.0;0.0;0.0;0.0;0.0
5D18040000;29.00;0;0;0;0;0;0;0.0;0.0;0.0;0.0;0.0
5D18040000;30.00;0;0;0;0;0;0;0.0;0.0;0.0;0.0;0.0
5D18040000;31.00;0;0;0;0;0;0;0.0;0.0;0.0;0.0;0.0
5D18040000;32.00;0;0;0;0;0;0;0.0;0.0;0.0;0.0;0.0
5D18040000;33.00;0;0;0;0;0;0;0.0;0.0;0.0;0.0;0.0
5D18040000;34.00;0;0;0;0;0;0;0.0;0.0;0.0;0.0;0.0
5D18040000;35.00;0;0;0;0;0;0;0.0;0.0;0.0;0.0;0.0
5D18040000;36.00;0;0;0;0;0;0;0.0;0.0;0.0;0.0;0.0
5D18040000;37.00;0;0;0;0;0;0;0.0;0.0;0.0;0.0;0.0
5D18040000;38.00;0;0;0;0;0;0;0.0;0.0;0.0;0.0;0.0
5D18040000;39.00;0;0;0;0;0;0;0.0;0.0;0.0;0.0;0.0
5D18040000;40.00;0;0;0;0;0;0;0.0;0.0;0.0;0.0;0.0
5D18040000;41.00;0;0;0;0;0;0;0.0;0.0;0.0;0.0;0.0
5D18040000;42.00;0;0;0;0;0;0;0.0;0.0;0.0;0.0;0.0
5D18040000;43.00;0;0;0;0;0;0;0.0;0.0;0.0;0.0;0.0
5D18040000;44.00;0;0;0;0;0;0;0.0;0.0;0.0;0.0;0.0
5D18040000;45.00;0;0;0;0;0;0;0.0;0.0;0.0;0.0;0.0
5D18040000;46.00;0;0;0;0;0;0;0.0;0.0;0.0;0.0;0.0
5D18040000;47.00;0;0;0;0;0;0;0.0;0.0;0.0;0.0;0.0
5D18040000;48.00;0;0;0;0;0;0;0.0;0.0;0.0;0.0;0.0
5D18040000;49.00;0;0;0;0;0;0;0.0;0.0;0.0;0.0;0.0
5D18040000;50.00;0;0;0;0;0;0;0.0;0.0;0.0;0.0;0.0
5D18040000;51.00;0;0;0;0;0;0;0.0;0.0;0.0;0.0;0.0
5D18040000;52.00;0;0;0;0;0;0;0.0;0.0;0.0;0.0;0.0
5D18040000;53.00;0;0;0;0;0;0;0.0;0.0;0.0;0.0;0.0
5D18040000;54.00;0;0;0;0;0;0;0.0;0.0;0.0;0.0;0.0
5D18040000;55.00;0;0;0;0;0;0;0.0;0.0;0.0;0.0;0.0
5D18040000;56.00;0;0;0;0;0;0;0.0;0.0;0.0;0.0;0.0
5D18040000;57.00;0;0;0;0;0;0;0.0;0.0;0.0;0.0;0.0
5D18040000;58.00;0;0;0;0;0;0;0.0;0.0;0.0;0.0;0.0
5D18040000;59.00;0;0;0;0;0;0;0.0;0.0;0.0;0.0;0.0
5FCF5C1804;0.00;0;0;0;0;0;0;0;0.11636508520536692;0.20925304096595687;0.1480037154299908;0.009657275446348867
5FCF5C1804;1.00;0;0;0;0;0;0;0;0.0;0.0;0.010593397372723357;-0.00041099984529990863
5FCF5C1804;2.00;0;0;0;0;0;0;0;0.0;0.0;0.015900790292225242;0.0
5FCF5C1804;3.00;0;0;0;0;0;0;0;0.0;0.055925570077490216;0.0;0.0
5FCF5C1804;4.00;0;0;0;0;0;0;0;0.0;0.07966378621422432;0.0;-0.09312039063861319
5FCF5C1804;5.00;0;0;0;0;0;0;0;0.01866022614113938;0.022469251377039146;0.0;0.009862436823284915
5FCF5C1804;6.00;0;0;0;0;0;0;0;0.0;0.0;0.0;0.0
5FCF5C1804;7.00;0;0;0;0;0;0;0;0.0;0.0;0.0;0.0
5FCF5C1804;8.00;0;0;0;0;0;0;0;0.0;0.0;0.0;0.0
5FCF5C1804;9.00;0;0;0;0;0;0;0;0.0;0.0;0.0;0.0
5FCF5C1804;10.00;0;0;0;0;0;0;0;0.0;0.0;0.0;0.0
5FCF5C1804;11.00;0;0;0;0;0;0;0;0.0;0.0;0.0;0.0
5FCF5C1804;12.00;0;0;0;0;0;0;0;-0.04545791889306117;-0.060255456442749766;-0.03362929603601961;-0.01741631444039926
5FCF5C1804;13.00;0;0;0;0;0;0;0;0.02580004891736959;-0.04549102462082183;0.09421193393977914;0.0373300799763322
5FCF5C1804;14.00;0;0;0;0;0;0;0;-0.10275514484578255;-0.07303567373959693;0.019692041123626047;-0.11648089504525655
5FCF5C1804;15.00;0;0;0;0;0;0;0;-0.14683956631023726;-0.1574423906232411;0.1458138329937784;0.0
5FCF5C1804;16.00;0;0;0;0;0;0;0;-0.028816784522842837;0.0007928736472737619;0.07599196832076377;0.023769152535309312
5FCF5C1804;17.00;0;0;0;0;0;0;0;-0.09946959742274136;0.04540690199666078;0.08974575845854416;-0.00122028257685447
5FCF5C1804;18.00;0;0;0;0;0;0;0;0.0;0.0;0.0;0.0
5FCF5C1804;19.00;0;0;0;0;0;0;0;0.024986719721866876;-0.0967866699046673;0.0;-0.041535970539724576
5FCF5C1804;20.00;0;0;0;0;0;0;0;0.0;-0.009898415362773638;-0.008444013340977718;-0.08244441048912543
5FCF5C1804;21.00;0;0;0;0;0;0;0;0.0;0.0;0.0;0.0
5FCF5C1804;22.00;0;0;0;0;0;0;0;0.0;0.0;0.0;0.0
5FCF5C1804;23.00;0;0;0;0;0;0;0;-0.056946071094727574;0.01420519048340288;0.2211381874759582;-0.19344559964921604
5FCF5C1804;24.00;0;0;0;0;0;0;0;0.20616313747460896;0.11666597973805326;0.2799425170010707;0.0
5FCF5C1804;25.00;0;0;0;0;0;0;0;0.0;0.0;0.0;0.0
5FCF5C1804;26.00;0;0;0;0;0;0;0;0.0;0.0;0.0;0.0
5FCF5C1804;27.00;0;0;0;0;0;0;0;0.0;0.0;0.0;0.0
5FCF5C1804;28.00;0;0;0;0;0;0;0;0.0;0.0;0.0;0.0
5FCF5C1804;29.00;0;0;0;0;0;0;0;0.0;0.0;0.0;0.0
5FCF5C1804;30.00;0;0;0;0;0;0;0;0.0;0.0;0.0;0.0
5FCF5C1804;31.00;0;0;0;0;0;0;0;0.0;0.0;0.0;0.0
5FCF5C1804;32.00;0;0;0;0;0;0;0;0.0;0.0;0.0;0.0
5FCF5C1804;33.00;0;0;0;0;0;0;0;0.0;0.0;0.0;0.0
5FCF5C1804;34.00;0;0;0;0;0;0;0;0.0;0.0;0.0;0.0
5FCF5C1804;35.00;0;0;0;0;0;0;0;0.0;0.0;0.0;0.0
5FCF5C1804;36.00;0;0;0;0;0;0;0;-0.007011513581858475;-0.022784490591485906;0.0;-0.00012892592945035197
5FCF5C1804;37.00;0;0;0;0;0;0;0;-0.008075783477999199;-0.020473338972111566;-0.05959373635446327;0.0035199062872205422
5FCF5C1804;38.00;0;0;0;0;0;0;0;-0.006882160976662083;-0.035728692157392605;0.04042759711617777;0.046465176445612266
5FCF5C1804;39.00;0;0;0;0;0;0;0;0.15771028723591984;-0.06993616051117182;-0.03266940667688972;-0.052374345786559084
5FCF5C1804;40.00;0;0;0;0;0;0;0;0.0031450910182460046;-0.00015946044792899614;-0.016330493086440356;0.0
5FCF5C1804;41.00;0;0;0;0;0;0;0;0.0028097794991247538;-0.11923842734957385;0.05810750863303682;0.044688043607238354
5FCF5C1804;42.00;0;0;0;0;0;0;0;-0.047946122807102504;-0.0496593464142816;-0.06904324587951513;-0.07355699469445387
5FCF5C1804;43.00;0;0;0;0;0;0;0;-0.05485058227794104;-0.001558762802257474;-0.0043044053728163445;-0.013814789956117762
5FCF5C1804;44.00;0;0;0;0;0;0;0;0.029966108012628445;0.07353353177478927;0.0;-0.07712499372112977
5FCF5C1804;45.00;0;0;0;0;0;0;0;0.0;0.0;-0.0029562264125729265;0.0010248822964010196
5FCF5C1804;46.00;0;0;0;0;0;0;0;0.0;0.0;0.0;0.0
5FCF5C1804;47.00;0;0;0;0;0;0;0;0.10231369327846457;0.10882216088938401;0.007848393048823205;-0.015734597647253712
5FCF5C1804;48.00;0;0;0;0;0;0;0;0.20756915773386608;0.17029761787447473;0.08618878268623853;0.049263734193535136
5FCF5C1804;49.00;0;0;0;0;0;0;0;0.0;0.0;0.0;0.0
5FCF5C1804;50.00;0;0;0;0;0;0;0;0.0;0.0;0.0;0.0
5FCF5C1804;51.00;0;0;0;0;0;0;0;0.0;0.0;0.0;0.0
5FCF5C1804;52.00;0;0;0;0;0;0;0;0.0;0.0;0.0;0.0
5FCF5C1804;53.00;0;0;0;0;0;0;0;0.0;0.0;0.0;0.0
5FCF5C1804;54.00;0;0;0;0;0;0;0;0.0;0.0;0.0;0.0
5FCF5C1804;55.00;0;0;0;0;0;0;0;0.0;0.0;0.0;0.0
5FCF5C1804;56.00;0;0;0;0;0;0;0;0.0;0.0;0.0;0.0
5FCF5C1804;57.00;0;0;0;0;0;0;0;0.0;0.0;0.0;0.0
5FCF5C1804;58.00;0;0;0;0;0;0;0;0.0;0.0;0.0;0.126393662201292
5FCF5C1804;59.00;0;0;0;0;0;0;0;0.0;0.0;0.0;0.0
AA025D1804;0.00;0;0;0;0;0;0;0;0;0.02689945763476348;0.018215730136237174;-0.06616660649476153
AA025D1804;1.00;0;0;0;0;0;0;0;0;0.0;0.0;0.0
AA025D1804;2.00;0;0;0;0;0;0;0;0;0.0;0.0;0.0
AA025D1804;3.00;0;0;0;0;0;0;0;0;0.0;0.0;0.0
AA025D1804;4.00;0;0;0;0;0;0;0;0;0.0;0.0;0.0
AA025D1804;5.00;0;0;0;0;0;0;0;0;0.024349543248265215;0.0;0.001233615508542396
AA025D1804;6.00;0;0;0;0;0;0;0;0;0.0;0.0;0.0
AA025D1804;7.00;0;0;0;0;0;0;0;0;0.0;0.0;0.0
AA025D1804;8.00;0;0;0;0;0;0;0;0;0.0;0.0;0.0
AA025D1804;9.00;0;0;0;0;0;0;0;0;0.0;0.0;0.0
AA025D1804;10.00;0;0;0;0;0;0;0;0;0.0;0.0;0.0
AA025D1804;11.00;0;0;0;0;0;0;0;0;0.0;0.0;0.0
AA025D1804;12.00;0;0;0;0;0;0;0;0;0.247422255502598;0.1107924541615537;0.040820573122257287
AA025D1804;13.00;0;0;0;0;0;0;0;0;-0.0861455457758859;-0.002192414972126855;-0.04540309628513986
AA025D1804;14.00;0;0;0;0;0;0;0;0;0.05140216701922612;0.0077282587446018125;0.05076867240242483
AA025D1804;15.00;0;0;0;0;0;0;0;0;0.22509823498366588;-0.09943169525317086;0.0
AA025D1804;16.00;0;0;0;0;0;0;0;0;0.030742053570887884;0.041855456356260534;0.04768582572057778
AA025D1804;17.00;0;0;0;0;0;0;0;0;-0.03545433940575471;-0.07335452405287368;-0.1322775627757329
AA025D1804;18.00;0;0;0;0;0;0;0;0;0.01457017194542487;0.0;-0.005284811290648617
AA025D1804;19.00;0;0;0;0;0;0;0;0;-0.029073246820424864;0.0;0.043904813510958624
AA025D1804;20.00;0;0;0;0;0;0;0;0;0.0;0.0;0.0
AA025D1804;21.00;0;0;0;0;0;0;0;0;0.0;0.07546427352108764;-0.02576832231841003
AA025D1804;22.00;0;0;0;0;0;0;0;0;0.15950949836485084;0.0;0.08417788789841704
AA025D1804;23.00;0;0;0;0;0;0;0;0;-0.04061763838366897;0.1687285174564303;-0.05057737628043907
AA025D1804;24.00;0;0;0;0;0;0;0;0;0.058291446722379237;0.1711542398497194;0.0
AA025D1804;25.00;0;0;0;0;0;0;0;0;0.0;0.0;0.0
AA025D1804;26.00;0;0;0;0;0;0;0;0;0.0;0.0;0.0
AA025D1804;27.00;0;0;0;0;0;0;0;0;0.0;0.0;0.0
AA025D1804;28.00;0;0;0;0;0;0;0;0;0.0;0.0;0.0
AA025D1804;29.00;0;0;0;0;0;0;0;0;0.0;0.0;0.0
AA025D1804;30.00;0;0;0;0;0;0;0;0;0.0;0.0;0.0
AA025D1804;31.00;0;0;0;0;0;0;0;0;0.0;0.0;0.0
AA025D1804;32.00;0;0;0;0;0;0;0;0;0.0;0.0;0.0
AA025D1804;33.00;0;0;0;0;0;0;0;0;0.0;0.0;0.0
AA025D1804;34.00;0;0;0;0;0;0;0;0;0.0;0.0;0.0
AA025D1804;35.00;0;0;0;0;0;0;0;0;0.0;0.0;0.0
AA025D1804;36.00;0;0;0;0;0;0;0;0;-0.04827253346942195;0.0;-0.00035508994863819865
AA025D1804;37.00;0;0;0;0;0;0;0;0;-0.08146349824035215;0.12064278755817326;-0.025780062382624258
AA025D1804;38.00;0;0;0;0;0;0;0;0;-0.0005702377960894733;0.02634866304620176;-0.03547109957741956
AA025D1804;39.00;0;0;0;0;0;0;0;0;0.021194506058253182;-0.09656911660475498;-0.036212179446815596
AA025D1804;40.00;0;0;0;0;0;0;0;0;-0.006742482600544386;-0.15446853629064022;0.0
AA025D1804;41.00;0;0;0;0;0;0;0;0;-0.0022764409436007993;0.0012986099774717208;-0.0036662211243779774
AA025D1804;42.00;0;0;0;0;0;0;0;0;-0.017063270172466574;-0.025361989466247792;0.006482962032902023
AA025D1804;43.00;0;0;0;0;0;0;0;0;0.04220899434402814;0.0012463338831507076;0.042673351158598355
AA025D1804;44.00;0;0;0;0;0;0;0;0;0.05913369239153654;0.0;0.016524111722888174
AA025D1804;45.00;0;0;0;0;0;0;0;0;0.0;0.0;0.0
AA025D1804;46.00;0;0;0;0;0;0;0;0;0.0;0.0;0.0
AA025D1804;47.00;0;0;0;0;0;0;0;0;0.2353446409718144;0.07837533851160289;0.026257042074055326
AA025D1804;48.00;0;0;0;0;0;0;0;0;0.07600806108945807;0.012052982109552579;0.03108582442433455
AA025D1804;49.00;0;0;0;0;0;0;0;0;0.0;0.0;0.0
AA025D1804;50.00;0;0;0;0;0;0;0;0;0.0;0.0;0.0
AA025D1804;51.00;0;0;0;0;0;0;0;0;0.0;0.0;0.0
AA025D1804;52.00;0;0;0;0;0;0;0;0;0.0;0.0;0.0
AA025D1804;53.00;0;0;0;0;0;0;0;0;0.0;0.0;0.0
AA025D1804;54.00;0;0;0;0;0;0;0;0;0.0;0.0;0.0
AA025D1804;55.00;0;0;0;0;0;0;0;0;0.0;0.0;0.0
AA025D1804;56.00;0;0;0;0;0;0;0;0;0.0;0.0;0.0
AA025D1804;57.00;0;0;0;0;0;0;0;0;0.0;0.0;0.0
AA025D1804;58.00;0;0;0;0;0;0;0;0;0.0;0.0;0.0
AA025D1804;59.00;0;0;0;0;0;0;0;0;0.0;0.0;0.0
C40B5D1804;0.00;0;0;0;0;0;0;0;0;0;0.14939571431004794;0.04189663497591145
C40B5D1804;1.00;0;0;0;0;0;0;0;0;0;0.0;0.0
C40B5D1804;2.00;0;0;0;0;0;0;0;0;0;0.0;0.0
C40B5D1804;3.00;0;0;0;0;0;0;0;0;0;0.0;0.0
C40B5D1804;4.00;0;0;0;0;0;0;0;0;0;0.0;-0.11836808113064198
C40B5D1804;5.00;0;0;0;0;0;0;0;0;0;0.0;-0.011880742598243788
C40B5D1804;6.00;0;0;0;0;0;0;0;0;0;0.0;0.0
C40B5D1804;7.00;0;0;0;0;0;0;0;0;0;0.0;0.0
C40B5D1804;8.00;0;0;0;0;0;0;0;0;0;-0.000733367833818277;0.0
C40B5D1804;9.00;0;0;0;0;0;0;0;0;0;0.0;0.0
C40B5D1804;10.00;0;0;0;0;0;0;0;0;0;0.0;0.0
C40B5D1804;11.00;0;0;0;0;0;0;0;0;0;0.0;0.0
C40B5D1804;12.00;0;0;0;0;0;0;0;0;0;0.14194411974905408;0.04673997475527614
C40B5D1804;13.00;0;0;0;0;0;0;0;0;0;-0.026828935876272858;-0.022974596967432204
C40B5D1804;14.00;0;0;0;0;0;0;0;0;0;-0.03212675827730643;-0.0480955241836295
C40B5D1804;15.00;0;0;0;0;0;0;0;0;0;-0.10869265233899889;0.0
C40B5D1804;16.00;0;0;0;0;0;0;0;0;0;0.026259271347057633;0.059589841736478966
C40B5D1804;17.00;0;0;0;0;0;0;0;0;0;-0.008528809210774313;0.0022383105159598515
C40B5D1804;18.00;0;0;0;0;0;0;0;0;0;0.0;0.06186574956187396
C40B5D1804;19.00;0;0;0;0;0;0;0;0;0;0.0;-0.022720956806072667
C40B5D1804;20.00;0;0;0;0;0;0;0;0;0;-0.012926966025972708;-0.008111394445675213
C40B5D1804;21.00;0;0;0;0;0;0;0;0;0;0.0;0.0
C40B5D1804;22.00;0;0;0;0;0;0;0;0;0;0.0;-0.07129732394619173
C40B5D1804;23.00;0;0;0;0;0;0;0;0;0;-0.05835653435842991;-0.06805674483676549
C40B5D1804;24.00;0;0;0;0;0;0;0;0;0;0.1606498453222665;0.0
C40B5D1804;25.00;0;0;0;0;0;0;0;0;0;0.05049531607410884;-0.009230052051875104
C40B5D1804;26.00;0;0;0;0;0;0;0;0;0;0.0;0.0
C40B5D1804;27.00;0;0;0;0;0;0;0;0;0;0.0;0.0
C40B5D1804;28.00;0;0;0;0;0;0;0;0;0;0.0;0.0
C40B5D1804;29.00;0;0;0;0;0;0;0;0;0;0.0;0.0
C40B5D1804;30.00;0;0;0;0;0;0;0;0;0;0.0;0.0
C40B5D1804;31.00;0;0;0;0;0;0;0;0;0;0.0;0.0
C40B5D1804;32.00;0;0;0;0;0;0;0;0;0;-0.05260878594994012;-0.001057055309974686
C40B5D1804;33.00;0;0;0;0;0;0;0;0;0;0.0;0.0
C40B5D1804;34.00;0;0;0;0;0;0;0;0;0;0.0;0.0
C40B5D1804;35.00;0;0;0;0;0;0;0;0;0;0.0;0.0
C40B5D1804;36.00;0;0;0;0;0;0;0;0;0;0.0;-0.00099107624600403
C40B5D1804;37.00;0;0;0;0;0;0;0;0;0;0.028309814165353137;0.029776086893429643
C40B5D1804;38.00;0;0;0;0;0;0;0;0;0;-0.010209466104623255;-0.04816745016225424
C40B5D1804;39.00;0;0;0;0;0;0;0;0;0;-0.010813805935854057;0.012955036722492125
C40B5D1804;40.00;0;0;0;0;0;0;0;0;0;0.09668459268869245;0.0
C40B5D1804;41.00;0;0;0;0;0;0;0;0;0;0.04867814738774201;0.013294866022314458
C40B5D1804;42.00;0;0;0;0;0;0;0;0;0;-0.04949685170689619;-0.14515159634884298
C40B5D1804;43.00;0;0;0;0;0;0;0;0;0;-0.0005963871551084021;-0.03969774865356154
C40B5D1804;44.00;0;0;0;0;0;0;0;0;0;0.0;-0.03751459555447656
C40B5D1804;45.00;0;0;0;0;0;0;0;0;0;0.0;0.0
C40B5D1804;46.00;0;0;0;0;0;0;0;0;0;0.0;0.0
C40B5D1804;47.00;0;0;0;0;0;0;0;0;0;0.047116133931276394;0.055884543857832814
C40B5D1804;48.00;0;0;0;0;0;0;0;0;0;0.03467494257848941;-0.07868590970448952
C40B5D1804;49.00;0;0;0;0;0;0;0;0;0;0.0;0.11679510419106054
C40B5D1804;50.00;0;0;0;0;0;0;0;0;0;0.0;0.0
C40B5D1804;51.00;0;0;0;0;0;0;0;0;0;0.0;0.0
C40B5D1804;52.00;0;0;0;0;0;0;0;0;0;0.0;0.0
C40B5D1804;53.00;0;0;0;0;0;0;0;0;0;0.0;0.0
C40B5D1804;54.00;0;0;0;0;0;0;0;0;0;0.0;0.0
C40B5D1804;55.00;0;0;0;0;0;0;0;0;0;-0.05647166763328326;0.0
C40B5D1804;56.00;0;0;0;0;0;0;0;0;0;0.0;0.0
C40B5D1804;57.00;0;0;0;0;0;0;0;0;0;0.0;0.0
C40B5D1804;58.00;0;0;0;0;0;0;0;0;0;0.0;0.0
C40B5D1804;59.00;0;0;0;0;0;0;0;0;0;0.0;0.0
C8045D1804;0.00;0;0;0;0;0;0;0;0;0;0;0.01069808307729836
C8045D1804;1.00;0;0;0;0;0;0;0;0;0;0;-0.003871247533865807
C8045D1804;2.00;0;0;0;0;0;0;0;0;0;0;0.0
C8045D1804;3.00;0;0;0;0;0;0;0;0;0;0;0.0
C8045D1804;4.00;0;0;0;0;0;0;0;0;0;0;0.0
C8045D1804;5.00;0;0;0;0;0;0;0;0;0;0;0.0
C8045D1804;6.00;0;0;0;0;0;0;0;0;0;0;0.0
C8045D1804;7.00;0;0;0;0;0;0;0;0;0;0;0.0
C8045D1804;8.00;0;0;0;0;0;0;0;0;0;0;0.0
C8045D1804;9.00;0;0;0;0;0;0;0;0;0;0;0.0
C8045D1804;10.00;0;0;0;0;0;0;0;0;0;0;0.0
C8045D1804;11.00;0;0;0;0;0;0;0;0;0;0;0.0
C8045D1804;12.00;0;0;0;0;0;0;0;0;0;0;0.026840630743578564
C8045D1804;13.00;0;0;0;0;0;0;0;0;0;0;-0.002155721078432149
C8045D1804;14.00;0;0;0;0;0;0;0;0;0;0;-0.038701460229344675
C8045D1804;15.00;0;0;0;0;0;0;0;0;0;0;0.0
C8045D1804;16.00;0;0;0;0;0;0;0;0;0;0;0.08780891700493965
C8045D1804;17.00;0;0;0;0;0;0;0;0;0;0;0.029460347858951685
C8045D1804;18.00;0;0;0;0;0;0;0;0;0;0;0.0
C8045D1804;19.00;0;0;0;0;0;0;0;0;0;0;0.0
C8045D1804;20.00;0;0;0;0;0;0;0;0;0;0;0.06488427948421571
C8045D1804;21.00;0;0;0;0;0;0;0;0;0;0;-0.22970684767602273
C8045D1804;22.00;0;0;0;0;0;0;0;0;0;0;0.0
C8045D1804;23.00;0;0;0;0;0;0;0;0;0;0;-0.25340870700369333
C8045D1804;24.00;0;0;0;0;0;0;0;0;0;0;0.0
C8045D1804;25.00;0;0;0;0;0;0;0;0;0;0;-0.020865621248838728
C8045D1804;26.00;0;0;0;0;0;0;0;0;0;0;0.0
C8045D1804;27.00;0;0;0;0;0;0;0;0;0;0;0.0
C8045D1804;28.00;0;0;0;0;0;0;0;0;0;0;0.0
C8045D1804;29.00;0;0;0;0;0;0;0;0;0;0;0.0
C8045D1804;30.00;0;0;0;0;0;0;0;0;0;0;0.0
C8045D1804;31.00;0;0;0;0;0;0;0;0;0;0;0.0
C8045D1804;32.00;0;0;0;0;0;0;0;0;0;0;-0.0019215280107713895
C8045D1804;33.00;0;0;0;0;0;0;0;0;0;0;0.0
C8045D1804;34.00;0;0;0;0;0;0;0;0;0;0;0.0
C8045D1804;35.00;0;0;0;0;0;0;0;0;0;0;0.0
C8045D1804;36.00;0;0;0;0;0;0;0;0;0;0;0.0
C8045D1804;37.00;0;0;0;0;0;0;0;0;0;0;-0.01636281594823355
C8045D1804;38.00;0;0;0;0;0;0;0;0;0;0;0.02886534502899951
C8045D1804;39.00;0;0;0;0;0;0;0;0;0;0;0.06364378146818273
C8045D1804;40.00;0;0;0;0;0;0;0;0;0;0;0.0
C8045D1804;41.00;0;0;0;0;0;0;0;0;0;0;-0.16371934202571167
C8045D1804;42.00;0;0;0;0;0;0;0;0;0;0;-0.021418797983791704
C8045D1804;43.00;0;0;0;0;0;0;0;0;0;0;0.0003117503996105109
C8045D1804;44.00;0;0;0;0;0;0;0;0;0;0;0.0
C8045D1804;45.00;0;0;0;0;0;0;0;0;0;0;-0.025479982069941842
C8045D1804;46.00;0;0;0;0;0;0;0;0;0;0;-0.07988726118698597
C8045D1804;47.00;0;0;0;0;0;0;0;0;0;0;0.00047157534632741305
C8045D1804;48.00;0;0;0;0;0;0;0;0;0;0;0.021927161990596855
C8045D1804;49.00;0;0;0;0;0;0;0;0;0;0;0.0
C8045D1804;50.00;0;0;0;0;0;0;0;0;0;0;0.0
C8045D1804;51.00;0;0;0;0;0;0;0;0;0;0;0.0
C8045D1804;52.00;0;0;0;0;0;0;0;0;0;0;0.0
C8045D1804;53.00;0;0;0;0;0;0;0;0;0;0;0.0
C8045D1804;54.00;0;0;0;0;0;0;0;0;0;0;0.0
C8045D1804;55.00;0;0;0;0;0;0;0;0;0;0;0.0
C8045D1804;56.00;0;0;0;0;0;0;0;0;0;0;0.0
C8045D1804;57.00;0;0;0;0;0;0;0;0;0;0;0.0
C8045D1804;58.00;0;0;0;0;0;0;0;0;0;0;0.0
C8045D1804;59.00;0;0;0;0;0;0;0;0;0;0;0.0
CBE65C1804;0.00;0;0;0;0;0;0;0;0;0;0;0
CBE65C1804;1.00;0;0;0;0;0;0;0;0;0;0;0
CBE65C1804;2.00;0;0;0;0;0;0;0;0;0;0;0
CBE65C1804;3.00;0;0;0;0;0;0;0;0;0;0;0
CBE65C1804;4.00;0;0;0;0;0;0;0;0;0;0;0
CBE65C1804;5.00;0;0;0;0;0;0;0;0;0;0;0
CBE65C1804;6.00;0;0;0;0;0;0;0;0;0;0;0
CBE65C1804;7.00;0;0;0;0;0;0;0;0;0;0;0
CBE65C1804;8.00;0;0;0;0;0;0;0;0;0;0;0
CBE65C1804;9.00;0;0;0;0;0;0;0;0;0;0;0
CBE65C1804;10.00;0;0;0;0;0;0;0;0;0;0;0
CBE65C1804;11.00;0;0;0;0;0;0;0;0;0;0;0
CBE65C1804;12.00;0;0;0;0;0;0;0;0;0;0;0
CBE65C1804;13.00;0;0;0;0;0;0;0;0;0;0;0
CBE65C1804;14.00;0;0;0;0;0;0;0;0;0;0;0
CBE65C1804;15.00;0;0;0;0;0;0;0;0;0;0;0
CBE65C1804;16.00;0;0;0;0;0;0;0;0;0;0;0
CBE65C1804;17.00;0;0;0;0;0;0;0;0;0;0;0
CBE65C1804;18.00;0;0;0;0;0;0;0;0;0;0;0
CBE65C1804;19.00;0;0;0;0;0;0;0;0;0;0;0
CBE65C1804;20.00;0;0;0;0;0;0;0;0;0;0;0
CBE65C1804;21.00;0;0;0;0;0;0;0;0;0;0;0
CBE65C1804;22.00;0;0;0;0;0;0;0;0;0;0;0
CBE65C1804;23.00;0;0;0;0;0;0;0;0;0;0;0
CBE65C1804;24.00;0;0;0;0;0;0;0;0;0;0;0
CBE65C1804;25.00;0;0;0;0;0;0;0;0;0;0;0
CBE65C1804;26.00;0;0;0;0;0;0;0;0;0;0;0
CBE65C1804;27.00;0;0;0;0;0;0;0;0;0;0;0
CBE65C1804;28.00;0;0;0;0;0;0;0;0;0;0;0
CBE65C1804;29.00;0;0;0;0;0;0;0;0;0;0;0
CBE65C1804;30.00;0;0;0;0;0;0;0;0;0;0;0
CBE65C1804;31.00;0;0;0;0;0;0;0;0;0;0;0
CBE65C1804;32.00;0;0;0;0;0;0;0;0;0;0;0
CBE65C1804;33.00;0;0;0;0;0;0;0;0;0;0;0
CBE65C1804;34.00;0;0;0;0;0;0;0;0;0;0;0
CBE65C1804;35.00;0;0;0;0;0;0;0;0;0;0;0
CBE65C1804;36.00;0;0;0;0;0;0;0;0;0;0;0
CBE65C1804;37.00;0;0;0;0;0;0;0;0;0;0;0
CBE65C1804;38.00;0;0;0;0;0;0;0;0;0;0;0
CBE65C1804;39.00;0;0;0;0;0;0;0;0;0;0;0
CBE65C1804;40.00;0;0;0;0;0;0;0;0;0;0;0
CBE65C1804;41.00;0;0;0;0;0;0;0;0;0;0;0
CBE65C1804;42.00;0;0;0;0;0;0;0;0;0;0;0
CBE65C1804;43.00;0;0;0;0;0;0;0;0;0;0;0
CBE65C1804;44.00;0;0;0;0;0;0;0;0;0;0;0
CBE65C1804;45.00;0;0;0;0;0;0;0;0;0;0;0
CBE65C1804;46.00;0;0;0;0;0;0;0;0;0;0;0
CBE65C1804;47.00;0;0;0;0;0;0;0;0;0;0;0
CBE65C1804;48.00;0;0;0;0;0;0;0;0;0;0;0
CBE65C1804;49.00;0;0;0;0;0;0;0;0;0;0;0
CBE65C1804;50.00;0;0;0;0;0;0;0;0;0;0;0
CBE65C1804;51.00;0;0;0;0;0;0;0;0;0;0;0
CBE65C1804;52.00;0;0;0;0;0;0;0;0;0;0;0
CBE65C1804;53.00;0;0;0;0;0;0;0;0;0;0;0
CBE65C1804;54.00;0;0;0;0;0;0;0;0;0;0;0
CBE65C1804;55.00;0;0;0;0;0;0;0;0;0;0;0
CBE65C1804;56.00;0;0;0;0;0;0;0;0;0;0;0
CBE65C1804;57.00;0;0;0;0;0;0;0;0;0;0;0
CBE65C1804;58.00;0;0;0;0;0;0;0;0;0;0;0
CBE65C1804;59.00;0;0;0;0;0;0;0;0;0;0;0
